Amino Acid,Classification,Primary Role in Muscle Building,Functional Rank
Leucine,BCAA / Essential,mTOR Signaling Switch & Protein Synthesis Trigger,1 (Primary Trigger)
Lysine,Essential,High requirement in muscle tissue; often limiting in plants,2 (Critical Building Block)
Methionine,Essential,Protein translation initiation & sulfur donor,3 (Structural & Metabolic)
Valine,BCAA / Essential,Metabolic regulation & nitrogen balance,4 (Structural Building Block)
Isoleucine,BCAA / Essential,Glucose uptake in muscle cells & recovery,5 (Structural Building Block)
Threonine,Essential,Mucin production, immune function, & collagen support,6 (Structural Support)
Phenylalanine,Essential,Precursor for signaling molecules and structural proteins,7 (Metabolic Support)
Histidine,Essential,Tissue repair, enzyme production, & histamine synthesis,8 (Enzymatic Support)
Tryptophan,Essential,Nitrogen balance & foundational protein structure,9 (Foundational Support)
